1564543862300360704,-0.01354,-0.00134,-0.01286,0.77801,-0.62754,-0.00981,-0.02823,0.01979,0.13859,-0.18444,
1564543862400466432,-0.01261,0.01935,-0.02918,0.75286,-0.65589,0.02746,-0.04753,0.06555,0.13870,-0.20220,
1564543862500572416,0.00572,0.02231,-0.03107,0.73485,-0.67482,0.04778,-0.04826,0.09504,0.04218,-0.21123,
1564543862598523392,0.00291,0.00041,-0.03631,0.74550,-0.66318,0.04579,-0.04814,0.07811,-0.09494,-0.21966,
1564543862698620416,0.00153,-0.03540,-0.03913,0.77429,-0.63188,0.01166,-0.03267,0.05645,-0.20486,-0.21748,
1564543862798717952,0.00786,-0.05545,-0.04320,0.78900,-0.61406,-0.01244,-0.01603,0.11525,-0.10978,-0.17591,
1564543862898815744,0.01160,-0.04196,-0.01320,0.77682,-0.62925,-0.01167,-0.02121,0.12154,0.01304,-0.09530,
1564543862998913536,0.00836,-0.02931,0.01456,0.75022,-0.65919,0.01303,-0.04963,0.09283,0.05817,-0.04699,
1564543863099011328,-0.00102,0.00123,0.02494,0.74047,-0.66902,0.02144,-0.06048,0.05896,-0.02233,-0.02685,
1564543863199108096,-0.00934,0.00435,0.03342,0.76334,-0.64417,0.00517,-0.04833,-0.02050,-0.15014,-0.02108,
1564543863299206144,-0.01178,-0.01198,0.03345,0.80358,-0.59404,-0.02118,-0.03044,0.04506,-0.09521,0.00112,
1564543863399303936,-0.01019,-0.01536,0.03534,0.81142,-0.58339,-0.03178,-0.01544,0.01883,0.00946,0.02396,
1564543863499401472,-0.01204,-0.01052,0.03712,0.80152,-0.59687,-0.02766,-0.02349,-0.00728,0.09117,0.01888,
1564543863601133824,-0.01336,0.00329,0.03990,0.75874,-0.64773,0.01434,-0.06740,0.00946,0.16602,0.02202,
1564543863701259008,-0.01103,0.01321,0.03922,0.72402,-0.68041,0.05935,-0.09649,0.03753,0.06068,0.00929,
1564543863801384192,-0.00861,0.01014,0.03749,0.73168,-0.66932,0.07816,-0.10272,-0.04661,-0.13226,-0.01060,
1564543863901509632,-0.01310,-0.00302,0.03662,0.77440,-0.62436,0.04137,-0.09367,0.01386,-0.12311,-0.01050,
1564543864001634816,-0.01076,-0.01318,0.03601,0.80004,-0.59662,0.00956,-0.06237,0.05016,-0.07093,-0.00239,
1564543864101758976,-0.00981,-0.01401,0.03698,0.80246,-0.59420,0.00157,-0.05452,0.01371,0.04656,0.01015,
1564543864201884160,-0.01224,-0.00125,0.03950,0.77132,-0.63157,0.02200,-0.07554,0.00670,0.09229,0.01782,
1564543864302009600,-0.01095,0.00528,0.03927,0.74831,-0.65553,0.04779,-0.08965,0.01456,0.05106,0.00849,
1564543864402134784,-0.01068,0.00757,0.03806,0.73403,-0.66940,0.05689,-0.09937,-0.00919,-0.00952,-0.01310,
1564543864502258944,-0.01174,0.00594,0.03791,0.73876,-0.66493,0.05276,-0.09649,-0.00899,-0.03873,-0.00496,
1564543864603789824,-0.01533,0.00010,0.03890,0.76098,-0.64360,0.02483,-0.07792,-0.01762,-0.08005,0.00223,
1564543864703942912,-0.01689,-0.00821,0.03931,0.78505,-0.61723,0.00011,-0.05228,0.00716,-0.01764,0.01902,
1564543864804096768,-0.01639,-0.00861,0.04017,0.78535,-0.61735,-0.00170,-0.04574,-0.01961,0.03973,0.00639,
1564543864904249856,-0.01602,-0.00379,0.04075,0.76735,-0.63801,0.01395,-0.06257,0.01311,0.11147,-0.00490,
1564543865004402688,-0.01406,0.00985,0.04027,0.72581,-0.67825,0.05520,-0.10070,0.01577,0.12566,-0.00666,
1564543865104555776,-0.01263,0.01332,0.03926,0.71603,-0.68647,0.06527,-0.10862,0.01047,-0.04265,0.00579,
1564543865204709632,-0.01499,0.00360,0.03995,0.74557,-0.65949,0.03939,-0.08744,-0.04030,-0.10630,-0.00109,
1564543865304862720,-0.01768,-0.00542,0.04129,0.76996,-0.63494,0.00800,-0.06282,-0.00605,-0.05008,0.00467,
1564543865405015552,-0.01895,-0.00774,0.04284,0.77730,-0.62734,-0.01193,-0.04588,-0.00912,0.01544,0.00990,
1564543865505168640,-0.01914,-0.00782,0.04388,0.77460,-0.63076,-0.01255,-0.04454,0.01663,0.03204,0.01266,
1564543865604317184,-0.01833,0.00159,0.04445,0.74707,-0.66063,0.01578,-0.07210,0.00333,0.17340,-0.00429,
1564543865704458240,-0.01692,0.01316,0.04235,0.70929,-0.69619,0.04749,-0.09986,0.00586,0.05883,-0.01684,
1564543865804598272,-0.01730,0.00825,0.04235,0.72526,-0.68089,0.04271,-0.09250,-0.02004,-0.08815,-0.00173,
1564543865904739328,-0.01950,-0.00253,0.04322,0.75731,-0.64901,0.01611,-0.07084,-0.01413,-0.08331,0.01343,
1564543866004880384,-0.02164,-0.01228,0.04409,0.78307,-0.61992,-0.01345,-0.04815,-0.00824,-0.06952,0.01171,
1564543866105021440,-0.02198,-0.01799,0.04489,0.79330,-0.60736,-0.02907,-0.03056,0.00247,-0.04314,-0.00777,
1564543866205162496,-0.02205,-0.02012,0.04394,0.80107,-0.59650,-0.04478,-0.02166,-0.01648,-0.00659,-0.01052,
1564543866305302528,-0.02409,-0.01756,0.04405,0.79545,-0.60324,-0.05015,-0.02913,0.00768,0.10060,0.02126,
1564543866405443584,-0.02482,-0.00352,0.04660,0.75469,-0.65325,-0.01450,-0.05907,-0.00139,0.14295,0.01689,
1564543866505584640,-0.02368,0.00633,0.04520,0.72964,-0.67903,0.00959,-0.08025,0.00675,0.04152,-0.00671,
1564543866605725696,-0.02066,0.00924,0.04467,0.72483,-0.68251,0.02982,-0.08900,0.03945,0.06586,0.00440,
1564543866701094400,-0.01932,0.01271,0.04460,0.71244,-0.69324,0.04555,-0.09888,0.01087,0.03746,-0.00092,
1564543866801185280,-0.01865,0.01159,0.04408,0.71814,-0.68743,0.04433,-0.09877,-0.03822,-0.05622,-0.00676,
1564543866901276160,-0.02375,0.00039,0.04412,0.75211,-0.65369,0.00645,-0.08356,-0.03533,-0.15119,-0.00435,
1564543867001366528,-0.02529,-0.01412,0.04383,0.79444,-0.60450,-0.02961,-0.05073,0.01161,-0.10805,-0.01134,
1564543867101457664,-0.02489,-0.02197,0.04487,0.80890,-0.58496,-0.05619,-0.01875,0.00430,-0.04886,0.00920,
1564543867201547264,-0.02593,-0.02302,0.04649,0.81233,-0.57985,-0.06041,-0.01559,-0.01539,0.07225,0.02083,
1564543867301637888,-0.02895,-0.01065,0.04959,0.77849,-0.62466,-0.04204,-0.04457,-0.01291,0.17613,0.02236,
1564543867401728512,-0.02850,0.00271,0.04855,0.74342,-0.66493,-0.01325,-0.07085,0.02107,0.11108,-0.01397,
1564543867501819648,-0.02331,0.00900,0.04668,0.72433,-0.68423,0.01724,-0.08295,0.03126,0.05463,-0.02195,
1564543867601909248,-0.02087,0.00846,0.04602,0.71997,-0.68880,0.02303,-0.08163,0.01285,-0.01395,-0.01266,
1564543867701213952,-0.02001,0.00549,0.04673,0.72407,-0.68695,0.01083,-0.06085,-0.00420,-0.02222,0.00019,
1564543867801287168,-0.02087,-0.00026,0.04743,0.73709,-0.67518,-0.01919,-0.02154,-0.04869,-0.06502,-0.01283,
1564543867901360128,-0.02277,-0.00826,0.04778,0.75926,-0.64708,-0.06556,0.02237,0.05129,-0.02356,0.03395,
1564543868001433088,-0.01898,-0.00898,0.05254,0.76839,-0.63470,-0.06664,0.04792,0.00641,0.00889,0.04633,
1564543868101505024,-0.02014,-0.01648,0.05109,0.78068,-0.61813,-0.07164,0.05763,0.05669,0.01765,0.01898,
1564543868201578240,-0.01725,-0.01258,0.05251,0.78173,-0.62353,0.00447,0.00952,0.04693,0.07559,0.01855,
1564543868301650944,-0.01774,-0.01296,0.05060,0.78687,-0.61683,-0.00761,0.01737,-0.03515,-0.00136,-0.03759,
1564543868401724160,-0.02151,-0.01004,0.05130,0.77392,-0.63216,-0.03450,0.01532,0.00200,0.11323,0.05116,
1564543868501796608,-0.02556,0.00055,0.05332,0.73534,-0.67667,-0.03625,-0.00873,-0.07397,0.11866,0.01182,
1564543868601869312,-0.02955,0.00636,0.04917,0.71449,-0.69808,-0.03699,-0.02875,0.00728,-0.01126,-0.03913,
1564543868701942528,-0.02345,0.00073,0.04736,0.72577,-0.68748,-0.01955,-0.01576,0.10319,-0.02783,0.00626,
1564543868797577984,-0.01956,0.00129,0.04935,0.73762,-0.67514,0.00586,-0.00870,-0.03682,0.01208,0.00865,
1564543868897596928,-0.02541,-0.00218,0.05010,0.74901,-0.66236,-0.01485,-0.00629,-0.06107,0.02603,0.03157,
1564543868997614336,-0.02949,-0.00410,0.05017,0.75448,-0.65514,-0.03862,-0.00698,-0.00604,0.04338,-0.00539,
1564543869097633024,-0.02857,-0.00693,0.04945,0.75714,-0.65249,-0.03002,-0.00961,0.02576,0.03376,-0.00594,
1564543869197651968,-0.02788,-0.00967,0.05041,0.75690,-0.65315,-0.02026,-0.00923,0.03766,0.03020,0.01352,
1564543869297670400,-0.03127,-0.00707,0.04928,0.75687,-0.65203,-0.00482,-0.04441,-0.02793,0.00663,-0.01718,
1564543869397687808,-0.03536,-0.00326,0.04702,0.75969,-0.63687,0.03788,-0.12580,-0.04624,0.07688,-0.01361,
1564543869497706752,-0.03551,0.00213,0.04620,0.74329,-0.65238,0.04394,-0.14137,-0.00314,0.02528,-0.00415,
1564543869597725440,-0.03638,0.00125,0.04559,0.74190,-0.65694,0.03550,-0.12943,-0.02103,-0.00461,-0.00852,
1564543869697744128,-0.03887,0.00040,0.04589,0.74494,-0.65369,0.03306,-0.12909,-0.01469,0.01166,0.00377,
1564543869797560064,-0.03628,-0.00094,0.04700,0.74669,-0.65690,0.01510,-0.10348,0.06132,-0.02686,0.03665,
1564543869897560320,-0.02523,-0.00434,0.05175,0.73625,-0.67558,-0.03362,0.01959,0.10674,-0.00690,0.03961,
1564543869997560576,-0.02591,-0.00810,0.05175,0.73935,-0.67200,-0.03187,0.02753,-0.06252,0.01147,-0.01494,
1564543870097560832,-0.03570,-0.00697,0.04835,0.75386,-0.65341,0.01359,-0.06747,-0.09994,0.03933,-0.03178,
1564543870197561088,-0.03990,-0.00604,0.04492,0.76503,-0.62262,0.05880,-0.15368,0.00790,-0.00026,-0.00385,
1564543870297560320,-0.03511,-0.00956,0.04716,0.76939,-0.62958,0.03168,-0.10326,0.04994,-0.05328,0.02418,
1564543870397560576,-0.02686,-0.00875,0.05217,0.74068,-0.66867,-0.05462,0.03578,0.09978,0.07911,0.04492,
1564543870497560832,-0.02586,-0.00232,0.05335,0.70924,-0.69548,-0.08430,0.07864,-0.05365,0.05068,-0.01257,
1564543870597561344,-0.02955,0.00118,0.05066,0.73842,-0.67391,-0.02145,-0.01078,-0.02260,0.04081,-0.01821,
1564543870697560576,-0.03519,-0.00217,0.04681,0.76694,-0.62855,0.04740,-0.12032,-0.03681,-0.00945,-0.02713,
1564543870797560576,-0.03629,-0.00700,0.04482,0.78189,-0.60173,0.06557,-0.14919,-0.01622,0.00306,-0.01000,
1564543870895616768,-0.03732,-0.01119,0.04627,0.77934,-0.61729,0.01507,-0.10658,-0.00897,0.00560,0.01978,
1564543870995597568,-0.03358,-0.01007,0.04912,0.75697,-0.65186,-0.03495,-0.02914,0.05479,0.02492,0.03162,
1564543871095578624,-0.03260,-0.00985,0.04850,0.74006,-0.67043,-0.05319,-0.00249,-0.03450,0.02755,-0.01046,
1564543871195558656,-0.03466,-0.00777,0.04729,0.73970,-0.67148,-0.04145,-0.01546,0.01797,0.01673,-0.00066,
1564543871295539968,-0.03407,-0.00996,0.04678,0.74783,-0.66288,-0.02884,-0.02255,-0.01678,-0.01920,-0.00334,
1564543871395520768,-0.03426,-0.01097,0.04675,0.75334,-0.65653,-0.02510,-0.02868,0.00670,0.00961,0.00767,
1564543871495501824,-0.03533,-0.01065,0.04766,0.75288,-0.65689,-0.02239,-0.03411,-0.00620,0.01439,0.00041,
1564543871595481600,-0.03522,-0.01049,0.04746,0.75461,-0.65466,-0.01610,-0.04151,-0.01030,0.00663,-0.00197,
1564543871695462656,-0.03825,-0.01016,0.04687,0.75754,-0.65061,-0.01128,-0.05200,-0.01078,-0.00242,-0.00222,
1564543871795443456,-0.03821,-0.01119,0.04673,0.76301,-0.64302,-0.00727,-0.06546,-0.01608,-0.00515,-0.00448,
1564543871897512192,-0.04029,-0.01288,0.04555,0.77139,-0.63100,-0.00575,-0.08221,-0.02459,-0.02604,-0.01417,
1564543871997510656,-0.04160,-0.01629,0.04390,0.78999,-0.60288,0.00682,-0.11137,-0.02184,-0.03122,-0.00920,
1564543872097508096,-0.04016,-0.01795,0.04453,0.79178,-0.60019,0.00652,-0.11315,-0.00110,-0.00481,0.00816,
1564543872197506816,-0.04173,-0.01657,0.04421,0.78870,-0.60332,0.00021,-0.11809,-0.02870,0.01512,-0.00650,
1564543872297505280,-0.04415,-0.01530,0.04299,0.78520,-0.60646,-0.00575,-0.12505,-0.01918,-0.00462,-0.01090,
1564543872397503744,-0.04490,-0.01652,0.04236,0.78861,-0.60141,-0.00728,-0.12789,-0.01843,-0.00854,-0.01315,
1564543872497501440,-0.04842,-0.01391,0.04116,0.78339,-0.60471,-0.01386,-0.14297,-0.04201,0.04056,-0.00323,
1564543872597500160,-0.05038,-0.01148,0.04005,0.77987,-0.60681,-0.01513,-0.15285,0.00278,0.02388,0.00717,
1564543872697498880,-0.04820,-0.01219,0.04055,0.78016,-0.60721,-0.00438,-0.15041,0.02018,-0.02268,0.01044,
1564543872797497344,-0.04615,-0.01416,0.04169,0.78411,-0.60337,0.00498,-0.14521,0.00574,-0.02009,0.00605,
1564543872899373568,-0.04552,-0.01533,0.04202,0.78664,-0.59971,0.01150,-0.14631,0.00491,-0.01626,0.00348,
1564543872999388416,-0.04337,-0.01748,0.04311,0.79161,-0.59369,0.01967,-0.14317,0.02339,-0.03607,0.01145,
1564543873099404288,-0.04130,-0.02074,0.04377,0.79917,-0.58403,0.02698,-0.13967,0.00220,-0.02602,0.00811,
1564543873199420160,-0.04038,-0.02263,0.04455,0.80289,-0.57930,0.03259,-0.13682,0.00917,-0.00421,0.00762,
1564543873299435776,-0.03816,-0.02229,0.04455,0.80486,-0.57433,0.04275,-0.14321,0.02322,0.00185,-0.00316,
1564543873399450880,-0.03289,-0.02520,0.04629,0.81154,-0.56144,0.07906,-0.14122,0.04522,-0.03468,0.02494,
1564543873499466496,-0.02737,-0.03007,0.04837,0.81818,-0.55142,0.09596,-0.13157,0.01117,-0.06075,0.00802,
1564543873599482368,-0.02809,-0.02858,0.04935,0.80779,-0.57193,0.07335,-0.12246,-0.01779,0.04205,0.02372,
1564543873699498240,-0.02893,-0.01828,0.04892,0.78451,-0.60991,0.05008,-0.10026,0.01426,0.05846,-0.00575,
1564543873799512832,-0.02571,-0.01477,0.04870,0.77477,-0.62777,0.04194,-0.06221,0.03032,0.00828,0.00102,
1564543873901203968,-0.02482,-0.01475,0.04863,0.77192,-0.63423,0.02741,-0.03383,-0.01158,0.01118,-0.00165,
1564543874001236992,-0.02670,-0.01412,0.04804,0.76938,-0.63807,0.01590,-0.02594,-0.01363,0.01969,-0.00401,
1564543874101269504,-0.02855,-0.01337,0.04739,0.76753,-0.64051,0.00798,-0.02421,-0.00991,-0.00160,-0.00771,
1564543874201302272,-0.03068,-0.01681,0.04681,0.77874,-0.62653,0.00419,-0.03163,-0.01900,-0.04964,-0.01213,
1564543874301334016,-0.03223,-0.02359,0.04657,0.80081,-0.59740,0.00478,-0.04235,-0.00744,-0.06514,0.00013,
1564543874401367040,-0.03283,-0.02657,0.04655,0.80934,-0.58532,0.00501,-0.04854,-0.00574,0.00308,0.00551,
1564543874501399808,-0.03385,-0.02456,0.04649,0.80446,-0.59135,0.00625,-0.05575,-0.01069,0.03297,-0.00128,
1564543874601432320,-0.03459,-0.02247,0.04626,0.79802,-0.59959,0.00698,-0.06007,0.00816,0.01098,0.00170,
1564543874701464320,-0.03373,-0.02095,0.04656,0.79250,-0.60729,0.00917,-0.05523,0.01848,0.01444,0.01143,
1564543874801497088,-0.03218,-0.01802,0.04697,0.78174,-0.62189,0.01091,-0.04495,0.00749,0.03500,-0.00443,
1564543874903018240,-0.03216,-0.01607,0.04674,0.77634,-0.62853,0.01209,-0.04587,-0.00296,0.00801,-0.00685,
1564543875003067904,-0.03226,-0.01583,0.04666,0.77600,-0.62893,0.01062,-0.04639,0.00469,-0.00553,0.00124,
1564543875103117568,-0.03210,-0.01616,0.04676,0.77692,-0.62785,0.01084,-0.04563,-0.00327,0.00395,0.00078,
1564543875203165952,-0.03241,-0.01560,0.04661,0.77547,-0.62957,0.00998,-0.04678,-0.00160,0.00608,-0.00175,
1564543875303215616,-0.03270,-0.01555,0.04649,0.77540,-0.62960,0.00893,-0.04764,0.00096,-0.00400,-0.00025,
1564543875403265024,-0.03257,-0.01583,0.04655,0.77626,-0.62854,0.00922,-0.04767,0.00103,0.00293,0.00122,
1564543875503314944,-0.03239,-0.01569,0.04659,0.77583,-0.62908,0.01013,-0.04737,0.00308,-0.00173,0.00124,
1564543875603363584,-0.03233,-0.01586,0.04664,0.77626,-0.62858,0.01022,-0.04703,-0.00053,-0.00054,0.00006,
1564543875703412992,-0.03239,-0.01576,0.04662,0.77584,-0.62910,0.00978,-0.04692,-0.00129,0.00025,-0.00081,
1564543875803462656,-0.03247,-0.01579,0.04658,0.77596,-0.62894,0.00942,-0.04719,0.00099,0.00075,0.00019,
1564543875904822528,-0.03259,-0.01566,0.04654,0.77564,-0.62930,0.00916,-0.04774,0.00043,0.00143,0.00013,
1564543876004889088,-0.03273,-0.01562,0.04650,0.77541,-0.62958,0.00849,-0.04782,0.00084,-0.00087,-0.00047,
1564543876104954368,-0.03274,-0.01556,0.04649,0.77517,-0.62988,0.00835,-0.04783,0.00017,0.00050,-0.00057,
1564543876205020928,-0.03290,-0.01545,0.04642,0.77489,-0.63019,0.00778,-0.04833,-0.00077,0.00134,-0.00080,
1564543876305087232,-0.03296,-0.01537,0.04639,0.77468,-0.63044,0.00756,-0.04860,0.00171,0.00089,-0.00013,
1564543876405153792,-0.03304,-0.01538,0.04635,0.77473,-0.63035,0.00731,-0.04893,0.00061,0.00046,0.00081,
1564543876505219328,-0.03299,-0.01533,0.04637,0.77450,-0.63067,0.00735,-0.04855,0.00066,-0.00079,-0.00047,
1564543876605285888,-0.03305,-0.01539,0.04636,0.77473,-0.63037,0.00714,-0.04878,-0.00020,0.00150,0.00120,
1564543876705352192,-0.03300,-0.01536,0.04637,0.77461,-0.63052,0.00730,-0.04867,-0.00092,0.00067,-0.00016,
1564543876805418752,-0.03301,-0.01531,0.04637,0.77449,-0.63065,0.00740,-0.04882,-0.00017,0.00026,0.00027,
1564543876906627584,-0.03290,-0.01528,0.04640,0.77438,-0.63081,0.00780,-0.04855,0.00287,-0.00088,0.00123,
1564543877006710016,-0.03286,-0.01532,0.04642,0.77439,-0.63082,0.00784,-0.04828,-0.00164,0.00080,-0.00121,
1564543877106793472,-0.03290,-0.01524,0.04640,0.77414,-0.63113,0.00762,-0.04832,-0.00096,0.00045,-0.00069,
1564543877206876928,-0.03293,-0.01518,0.04638,0.77399,-0.63130,0.00755,-0.04840,0.00086,-0.00106,0.00055,
1564543877306960128,-0.03298,-0.01518,0.04636,0.77397,-0.63131,0.00738,-0.04859,-0.00147,0.00138,-0.00003,
1564543877407042816,-0.03305,-0.01505,0.04632,0.77357,-0.63181,0.00706,-0.04860,0.00192,0.00074,0.00054,
1564543877507125760,-0.03298,-0.01511,0.04635,0.77367,-0.63171,0.00731,-0.04826,-0.00162,-0.00073,-0.00040,
1564543877607209472,-0.03310,-0.01503,0.04628,0.77350,-0.63186,0.00719,-0.04897,-0.00021,0.00342,-0.00023,
1564543877707292928,-0.03329,-0.01495,0.04619,0.77334,-0.63200,0.00671,-0.04977,0.00073,0.00005,-0.00003,
1564543877807375104,-0.03344,-0.01486,0.04611,0.77295,-0.63246,0.00622,-0.05009,-0.00214,0.00002,-0.00148,
1564543877908439552,-0.03361,-0.01495,0.04604,0.77297,-0.63241,0.00589,-0.05047,-0.00011,0.00050,0.00061,
1564543878008540160,-0.03366,-0.01488,0.04600,0.77268,-0.63274,0.00590,-0.05068,0.00011,0.00151,-0.00013,
1564543878108641024,-0.03378,-0.01486,0.04593,0.77258,-0.63283,0.00577,-0.05120,0.00076,0.00045,0.00013,
1564543878208741376,-0.03383,-0.01479,0.04588,0.77236,-0.63307,0.00576,-0.05146,-0.00145,0.00122,-0.00168,
1564543878308840960,-0.03398,-0.01472,0.04581,0.77219,-0.63323,0.00560,-0.05214,0.00270,0.00015,0.00085,
1564543878408942080,-0.03389,-0.01470,0.04584,0.77208,-0.63339,0.00573,-0.05169,0.00058,-0.00149,0.00020,
1564543878509042432,-0.03381,-0.01479,0.04591,0.77229,-0.63316,0.00584,-0.05129,0.00319,0.00006,0.00185,
1564543878609143040,-0.03355,-0.01486,0.04605,0.77244,-0.63306,0.00642,-0.05023,0.00055,-0.00182,0.00092,
1564543878709242624,-0.03352,-0.01480,0.04609,0.77243,-0.63308,0.00654,-0.05022,0.00025,0.00362,0.00057,
1564543878809343232,-0.03337,-0.01471,0.04615,0.77233,-0.63321,0.00696,-0.04997,0.00331,-0.00316,0.00116,
1564543878908392960,-0.03319,-0.01486,0.04625,0.77278,-0.63270,0.00749,-0.04939,0.00267,0.00041,0.00149,
1564543879008474624,-0.03314,-0.01484,0.04628,0.77273,-0.63279,0.00753,-0.04912,0.00067,0.00020,-0.00009,
1564543879108556032,-0.03309,-0.01483,0.04631,0.77271,-0.63283,0.00758,-0.04884,-0.00198,-0.00007,-0.00038,
1564543879208636672,-0.03311,-0.01481,0.04631,0.77265,-0.63292,0.00747,-0.04879,0.00026,0.00081,0.00053,
1564543879308718336,-0.03312,-0.01478,0.04630,0.77259,-0.63299,0.00732,-0.04882,0.00140,0.00020,0.00085,
1564543879408800000,-0.03306,-0.01487,0.04634,0.77280,-0.63273,0.00754,-0.04869,0.00008,-0.00005,-0.00001,
1564543879508881920,-0.03310,-0.01478,0.04633,0.77254,-0.63306,0.00739,-0.04866,-0.00188,0.00228,-0.00097,
1564543879608962304,-0.03318,-0.01467,0.04629,0.77230,-0.63332,0.00725,-0.04901,-0.00019,0.00178,-0.00012,
1564543879709044224,-0.03319,-0.01456,0.04626,0.77196,-0.63374,0.00701,-0.04893,0.00260,-0.00190,0.00057,
1564543879809125632,-0.03308,-0.01475,0.04633,0.77245,-0.63318,0.00737,-0.04847,-0.00127,0.00115,0.00057,
1564543879909893376,-0.03317,-0.01458,0.04629,0.77203,-0.63368,0.00713,-0.04876,-0.00133,0.00278,0.00050,
1564543880009988096,-0.03321,-0.01455,0.04627,0.77198,-0.63371,0.00706,-0.04900,-0.00040,0.00028,-0.00002,
1564543880110081792,-0.03320,-0.01453,0.04628,0.77192,-0.63381,0.00705,-0.04881,0.00006,0.00022,0.00004,
1564543880210176512,-0.03318,-0.01456,0.04628,0.77198,-0.63374,0.00693,-0.04863,-0.00034,-0.00079,0.00003,
1564543880310271488,-0.03321,-0.01455,0.04628,0.77192,-0.63381,0.00685,-0.04881,0.00038,0.00251,0.00065,
1564543880410366208,-0.03327,-0.01447,0.04625,0.77171,-0.63405,0.00671,-0.04895,-0.00016,0.00012,-0.00031,
1564543880510459904,-0.03325,-0.01444,0.04626,0.77161,-0.63418,0.00674,-0.04892,0.00167,-0.00020,0.00051,
1564543880610554624,-0.03321,-0.01450,0.04628,0.77177,-0.63398,0.00696,-0.04891,0.00219,0.00037,0.00078,
1564543880710649600,-0.03323,-0.01452,0.04628,0.77176,-0.63400,0.00692,-0.04888,0.00030,0.00050,0.00023,
1564543880810744320,-0.03322,-0.01446,0.04627,0.77157,-0.63423,0.00699,-0.04883,-0.00286,-0.00002,-0.00128,
1564543880911402240,-0.03333,-0.01438,0.04621,0.77143,-0.63436,0.00680,-0.04940,-0.00090,0.00285,0.00002,
1564543881011509248,-0.03343,-0.01430,0.04614,0.77124,-0.63456,0.00668,-0.04985,0.00058,-0.00080,0.00040,
1564543881111617536,-0.03342,-0.01430,0.04611,0.77124,-0.63456,0.00668,-0.04981,-0.00154,0.00022,-0.00129,
1564543881211725824,-0.03351,-0.01424,0.04604,0.77108,-0.63473,0.00639,-0.05014,0.00091,0.00183,0.00004,
1564543881311833856,-0.03364,-0.01415,0.04596,0.77073,-0.63514,0.00601,-0.05045,-0.00057,0.00113,-0.00075,
1564543881411940864,-0.03379,-0.01397,0.04586,0.77010,-0.63584,0.00572,-0.05108,0.00071,0.00015,-0.00048,
1564543881512048896,-0.03390,-0.01395,0.04580,0.76997,-0.63598,0.00551,-0.05149,0.00111,0.00078,-0.00016,
1564543881612157440,-0.03396,-0.01391,0.04574,0.76973,-0.63625,0.00546,-0.05162,-0.00115,-0.00116,-0.00107,
1564543881712265472,-0.03403,-0.01399,0.04572,0.77000,-0.63589,0.00557,-0.05211,0.00143,0.00103,0.00118,
1564543881812372480,-0.03405,-0.01394,0.04570,0.76988,-0.63603,0.00550,-0.05219,-0.00287,-0.00001,-0.00057,
1564543881912921600,-0.03389,-0.01381,0.04578,0.76948,-0.63656,0.00583,-0.05157,0.00401,0.00061,0.00095,
1564543882013043200,-0.03380,-0.01390,0.04584,0.76971,-0.63632,0.00585,-0.05102,0.00198,-0.00356,0.00066,
1564543882113164800,-0.03345,-0.01387,0.04603,0.76956,-0.63660,0.00630,-0.04979,0.00079,0.00211,0.00088,
1564543882213286912,-0.03338,-0.01385,0.04608,0.76957,-0.63659,0.00652,-0.04976,0.00246,-0.00028,0.00163,
1564543882313407488,-0.03329,-0.01380,0.04613,0.76947,-0.63673,0.00685,-0.04944,0.00104,-0.00168,-0.00027,
1564543882413529344,-0.03322,-0.01392,0.04620,0.76969,-0.63648,0.00718,-0.04907,-0.00129,-0.00001,0.00030,
1564543882513650944,-0.03324,-0.01387,0.04622,0.76951,-0.63670,0.00728,-0.04916,0.00255,0.00098,0.00087,
1564543882613772544,-0.03327,-0.01387,0.04624,0.76935,-0.63690,0.00719,-0.04909,-0.00174,0.00006,-0.00153,
1564543882713893632,-0.03340,-0.01375,0.04618,0.76900,-0.63730,0.00659,-0.04945,0.00430,0.00197,0.00260,
1564543882814015232,-0.03332,-0.01384,0.04624,0.76914,-0.63715,0.00687,-0.04912,0.00250,-0.00249,-0.00006,
1564543882912506368,-0.03331,-0.01391,0.04626,0.76918,-0.63714,0.00668,-0.04868,-0.00123,0.00236,0.00074,
1564543883012603904,-0.03333,-0.01380,0.04626,0.76883,-0.63754,0.00688,-0.04885,-0.00324,0.00042,-0.00152,
1564543883112701696,-0.03340,-0.01367,0.04623,0.76841,-0.63804,0.00667,-0.04910,0.00095,0.00020,0.00076,
1564543883212798464,-0.03339,-0.01375,0.04625,0.76852,-0.63791,0.00661,-0.04900,0.00165,-0.00144,0.00057,
1564543883312896000,-0.03338,-0.01375,0.04626,0.76846,-0.63799,0.00668,-0.04889,-0.00225,0.00147,-0.00078,
1564543883412993792,-0.03349,-0.01368,0.04622,0.76824,-0.63824,0.00631,-0.04924,0.00185,0.00101,0.00078,
1564543883513091328,-0.03351,-0.01364,0.04621,0.76814,-0.63835,0.00627,-0.04936,0.00016,0.00056,-0.00115,
1564543883613187840,-0.03353,-0.01356,0.04618,0.76790,-0.63865,0.00605,-0.04924,0.00012,-0.00020,0.00061,
1564543883713285376,-0.03346,-0.01361,0.04623,0.76798,-0.63857,0.00636,-0.04897,0.00149,-0.00019,0.00053,
1564543883813383168,-0.03351,-0.01346,0.04620,0.76760,-0.63899,0.00629,-0.04933,0.00051,0.00514,-0.00007,
1564543883913699072,-0.03357,-0.01337,0.04616,0.76736,-0.63928,0.00591,-0.04939,-0.00031,-0.00260,-0.00041,
1564543884013806080,-0.03352,-0.01339,0.04619,0.76730,-0.63937,0.00614,-0.04911,-0.00173,0.00191,-0.00014,
1564543884113911808,-0.03354,-0.01326,0.04616,0.76686,-0.63990,0.00600,-0.04915,0.00028,-0.00057,-0.00039,
1564543884214018816,-0.03356,-0.01333,0.04616,0.76704,-0.63969,0.00590,-0.04921,0.00059,0.00212,0.00105,
1564543884314125568,-0.03359,-0.01323,0.04613,0.76686,-0.63986,0.00605,-0.04966,0.00016,0.00144,-0.00026,
1564543884414232576,-0.03356,-0.01320,0.04612,0.76691,-0.63980,0.00624,-0.04974,-0.00276,0.00106,-0.00153,
1564543884514338048,-0.03369,-0.01305,0.04603,0.76650,-0.64026,0.00569,-0.05012,0.00130,0.00190,0.00076,
1564543884614445056,-0.03370,-0.01303,0.04600,0.76638,-0.64041,0.00561,-0.05010,0.00243,0.00087,-0.00027,
1564543884714551808,-0.03369,-0.01301,0.04598,0.76629,-0.64051,0.00558,-0.05008,-0.00103,0.00241,-0.00052,
1564543884814658560,-0.03381,-0.01284,0.04589,0.76577,-0.64109,0.00523,-0.05070,-0.00014,0.00118,0.00001,
1564543884912955392,-0.03388,-0.01286,0.04584,0.76584,-0.64098,0.00505,-0.05110,0.00143,0.00239,0.00096,
1564543885013032704,-0.03391,-0.01271,0.04579,0.76541,-0.64148,0.00498,-0.05125,0.00034,-0.00002,-0.00139,
1564543885113110784,-0.03396,-0.01273,0.04574,0.76531,-0.64160,0.00477,-0.05117,0.00031,0.00032,-0.00010,
1564543885213189120,-0.03400,-0.01261,0.04572,0.76479,-0.64223,0.00470,-0.05113,0.00005,0.00411,0.00116,
1564543885313267456,-0.03390,-0.01231,0.04576,0.76390,-0.64331,0.00481,-0.05075,0.00060,-0.00016,-0.00111,
1564543885413344768,-0.03387,-0.01238,0.04581,0.76398,-0.64327,0.00461,-0.05026,0.00444,0.00075,0.00302,
1564543885513422848,-0.03389,-0.01226,0.04581,0.76352,-0.64384,0.00440,-0.04996,0.00254,0.00202,0.00056,
1564543885613501440,-0.03383,-0.01219,0.04585,0.76330,-0.64412,0.00451,-0.04957,0.00080,0.00099,0.00009,
1564543885713579776,-0.03382,-0.01207,0.04586,0.76291,-0.64459,0.00450,-0.04938,0.00051,0.00254,0.00054,
1564543885813657088,-0.03380,-0.01173,0.04584,0.76183,-0.64591,0.00449,-0.04895,-0.00105,0.00154,-0.00157,
1564543885913795584,-0.03378,-0.01162,0.04584,0.76148,-0.64632,0.00455,-0.04895,0.00107,-0.00045,0.00018,
1564543886013878528,-0.03381,-0.01171,0.04586,0.76160,-0.64618,0.00429,-0.04895,0.00099,0.00483,0.00109,
1564543886113961472,-0.03388,-0.01143,0.04577,0.76088,-0.64702,0.00372,-0.04913,-0.00194,-0.00194,-0.00167,
1564543886214044160,-0.03395,-0.01151,0.04575,0.76112,-0.64673,0.00333,-0.04927,0.00018,0.00146,0.00135,
1564543886314126336,-0.03395,-0.01147,0.04574,0.76093,-0.64696,0.00322,-0.04917,0.00404,-0.00272,0.00005,
1564543886414208768,-0.03392,-0.01158,0.04574,0.76116,-0.64674,0.00291,-0.04851,-0.00084,-0.00181,-0.00443,
1564543886514291968,-0.03411,-0.01165,0.04567,0.76145,-0.64631,0.00261,-0.04969,0.00117,0.01424,0.00504,
1564543886614374656,-0.03397,-0.01079,0.04565,0.75850,-0.64984,0.00243,-0.04872,0.00380,-0.01083,-0.00214,
1564543886714456576,-0.03418,-0.01111,0.04565,0.75956,-0.64851,0.00208,-0.04990,0.00108,0.01138,0.00200,
1564543886814539520,-0.03409,-0.01069,0.04548,0.75796,-0.65048,0.00119,-0.04868,-0.00523,-0.01635,-0.00973,
1564543886912727296,-0.03428,-0.01134,0.04556,0.76032,-0.64761,0.00110,-0.05020,0.00560,0.02515,0.01171,
1564543887012777216,-0.03417,-0.00955,0.04544,0.75477,-0.65412,0.00089,-0.04941,-0.00281,-0.00775,-0.00689,
1564543887112827136,-0.03446,-0.01035,0.04537,0.75756,-0.65074,0.00059,-0.05138,0.00335,0.00205,0.00232,
1564543887212876288,-0.03441,-0.01020,0.04513,0.75723,-0.65125,-0.00113,-0.04979,-0.00602,-0.01528,-0.00659,
1564543887312926208,-0.03426,-0.01080,0.04544,0.75988,-0.64795,0.00178,-0.05229,0.01391,0.02979,0.01181,
1564543887412976128,-0.03406,-0.00883,0.04514,0.75398,-0.65489,0.00169,-0.05136,-0.01031,-0.01375,-0.01184,
1564543887513026048,-0.03456,-0.00985,0.04502,0.75765,-0.65042,0.00062,-0.05403,0.00114,0.00671,0.00161,
1564543887613074944,-0.03481,-0.00934,0.04457,0.75594,-0.65247,-0.00224,-0.05318,-0.00993,-0.01052,-0.00611,
1564543887713124864,-0.03469,-0.00937,0.04482,0.75688,-0.65113,0.00070,-0.05616,0.01728,0.03078,0.00749,
1564543887813174784,-0.03476,-0.00807,0.04448,0.75237,-0.65641,-0.00059,-0.05532,-0.01061,-0.01905,-0.00789,
1564543887913230336,-0.03481,-0.00893,0.04460,0.75473,-0.65367,-0.00019,-0.05570,-0.00049,0.00686,-0.00017,
1564543888013280512,-0.03539,-0.00912,0.04414,0.75500,-0.65334,-0.00377,-0.05578,-0.00995,-0.00993,-0.00086,
1564543888113329664,-0.03499,-0.00848,0.04452,0.75393,-0.65445,-0.00048,-0.05731,0.02172,0.03150,0.00860,
1564543888213379584,-0.03490,-0.00779,0.04440,0.75107,-0.65791,-0.00124,-0.05521,-0.01169,-0.02665,-0.00747,
1564543888313429504,-0.03481,-0.00887,0.04467,0.75408,-0.65454,-0.00104,-0.05425,0.00379,0.00755,0.00520,
1564543888413479680,-0.03495,-0.00913,0.04455,0.75443,-0.65425,-0.00277,-0.05276,-0.01058,-0.01004,-0.00041,
1564543888513528576,-0.03437,-0.00850,0.04492,0.75350,-0.65529,0.00061,-0.05314,0.02071,0.02667,0.00573,
1564543888613578496,-0.03442,-0.00826,0.04479,0.75215,-0.65696,-0.00072,-0.05166,-0.00947,-0.02446,-0.00430,
1564543888713628416,-0.03438,-0.00905,0.04497,0.75427,-0.65459,-0.00068,-0.05086,-0.00148,0.00804,0.00112,
1564543888813678848,-0.03492,-0.00954,0.04469,0.75527,-0.65346,-0.00393,-0.05042,-0.01182,-0.00932,0.00256,
1564543888913732096,-0.03413,-0.00841,0.04516,0.75291,-0.65616,0.00080,-0.05082,0.02087,0.02959,0.00264,
1564543889013781248,-0.03435,-0.00833,0.04492,0.75195,-0.65732,-0.00133,-0.04995,-0.01403,-0.02578,-0.00791,
1564543889113831168,-0.03458,-0.00896,0.04492,0.75354,-0.65548,-0.00225,-0.05016,0.00287,0.01067,0.00364,
1564543889213881344,-0.03492,-0.00935,0.04476,0.75454,-0.65431,-0.00414,-0.05031,-0.00814,-0.00445,0.00294,
1564543889313931520,-0.03428,-0.00803,0.04509,0.75139,-0.65793,-0.00039,-0.05033,0.01312,0.02053,-0.00016,
1564543889413980416,-0.03459,-0.00834,0.04486,0.75193,-0.65730,-0.00213,-0.05053,-0.01074,-0.02175,-0.00597,
1564543889514030336,-0.03465,-0.00869,0.04489,0.75264,-0.65652,-0.00272,-0.05002,0.00381,0.00657,0.00164,
1564543889614080512,-0.03495,-0.00925,0.04478,0.75431,-0.65456,-0.00422,-0.05040,-0.00472,-0.00098,0.00628,
1564543889714130688,-0.03418,-0.00781,0.04511,0.75064,-0.65885,-0.00036,-0.04964,0.00931,0.01704,-0.00199,
1564543889814179584,-0.03455,-0.00835,0.04493,0.75202,-0.65721,-0.00204,-0.05041,-0.00721,-0.01773,-0.00337,
1564543889914238976,-0.03461,-0.00859,0.04490,0.75221,-0.65707,-0.00295,-0.04929,-0.00177,0.00301,-0.00149,
1564543890014289152,-0.03503,-0.00908,0.04476,0.75380,-0.65512,-0.00431,-0.05085,-0.00183,0.00724,0.00762,
1564543890114339328,-0.03436,-0.00751,0.04495,0.74948,-0.66016,-0.00146,-0.04969,0.00597,0.00632,-0.00411,
1564543890214389248,-0.03475,-0.00843,0.04487,0.75203,-0.65715,-0.00272,-0.05090,-0.00324,-0.00846,-0.00113,
1564543890314438912,-0.03468,-0.00823,0.04477,0.75101,-0.65844,-0.00339,-0.04932,-0.00538,-0.00371,-0.00559,
1564543890414488832,-0.03521,-0.00886,0.04464,0.75321,-0.65573,-0.00490,-0.05170,0.00626,0.01218,0.01133,
1564543890514539008,-0.03441,-0.00740,0.04482,0.74909,-0.66059,-0.00168,-0.04986,-0.00156,-0.00040,-0.00728,
1564543890614588928,-0.03482,-0.00828,0.04472,0.75170,-0.65749,-0.00287,-0.05140,0.00181,-0.00520,0.00072,
1564543890714638336,-0.03495,-0.00818,0.04454,0.75094,-0.65844,-0.00434,-0.05037,-0.00920,-0.00593,-0.00616,
1564543890814676480,-0.03529,-0.00857,0.04451,0.75239,-0.65661,-0.00487,-0.05244,0.00902,0.01742,0.01013,
1564543890914726400,-0.03492,-0.00703,0.04442,0.74773,-0.66198,-0.00351,-0.05169,-0.00571,-0.00454,-0.00921,
1564543891014776832,-0.03521,-0.00798,0.04440,0.75062,-0.65861,-0.00416,-0.05287,0.00333,-0.00189,0.00211,
1564543891114827008,-0.03531,-0.00793,0.04413,0.75006,-0.65927,-0.00608,-0.05221,-0.00661,-0.00308,-0.00385,
1564543891214875904,-0.03540,-0.00821,0.04418,0.75104,-0.65807,-0.00544,-0.05346,0.00362,0.01395,0.00653,
1564543891314925824,-0.03529,-0.00710,0.04409,0.74756,-0.66203,-0.00489,-0.05328,0.00031,-0.00704,-0.00559,
1564543891414976000,-0.03526,-0.00802,0.04423,0.75036,-0.65889,-0.00494,-0.05303,-0.00052,-0.00418,0.00107,
1564543891515026176,-0.03527,-0.00796,0.04419,0.74984,-0.65955,-0.00573,-0.05190,-0.00678,-0.00191,-0.00244,
1564543891615075328,-0.03537,-0.00817,0.04428,0.75090,-0.65825,-0.00546,-0.05325,0.01514,0.01501,0.01035,
1564543891715125504,-0.03484,-0.00731,0.04439,0.74813,-0.66156,-0.00370,-0.05123,-0.00885,-0.01072,-0.00760,
1564543891815168256,-0.03487,-0.00798,0.04451,0.75017,-0.65926,-0.00369,-0.05106,0.00479,0.00058,0.00248,
1564543891915218688,-0.03491,-0.00816,0.04450,0.75047,-0.65898,-0.00442,-0.05024,-0.00359,-0.00002,0.00077,
1564543892015268352,-0.03462,-0.00777,0.04459,0.74951,-0.66012,-0.00333,-0.04967,0.00283,0.00262,-0.00109,
1564543892115317248,-0.03475,-0.00827,0.04457,0.75069,-0.65881,-0.00452,-0.04918,0.00225,-0.00970,0.00299,
1564543892215367424,-0.03444,-0.00842,0.04472,0.75082,-0.65876,-0.00376,-0.04790,-0.00507,0.00651,-0.00167,
1564543892315417600,-0.03464,-0.00819,0.04460,0.75011,-0.65950,-0.00444,-0.04869,0.00261,-0.00259,-0.00258,
1564543892415467520,-0.03497,-0.00866,0.04454,0.75165,-0.65765,-0.00542,-0.04998,-0.00842,0.01413,0.00586,
1564543892515516416,-0.03495,-0.00703,0.04437,0.74680,-0.66312,-0.00518,-0.05044,0.00221,-0.00287,-0.00597,
1564543892615566592,-0.03515,-0.00807,0.04447,0.75019,-0.65920,-0.00544,-0.05142,0.00467,-0.00347,0.00464,
1564543892715616512,-0.03501,-0.00807,0.04443,0.74938,-0.66027,-0.00587,-0.04935,-0.01379,-0.01079,-0.00883,
1564543892815677440,-0.03546,-0.00852,0.04438,0.75135,-0.65779,-0.00672,-0.05239,0.01756,0.02782,0.01773,
1564543892915727616,-0.03459,-0.00662,0.04454,0.74527,-0.66494,-0.00385,-0.04908,-0.00881,-0.01522,-0.01272,
1564543893015776512,-0.03507,-0.00812,0.04458,0.75013,-0.65932,-0.00509,-0.05087,-0.00108,0.00113,0.00272,
1564543893115826944,-0.03515,-0.00762,0.04437,0.74829,-0.66149,-0.00651,-0.04955,-0.00346,-0.00682,-0.00492,
1564543893215876864,-0.03535,-0.00847,0.04443,0.75126,-0.65799,-0.00654,-0.05118,0.00280,0.01679,0.01231,
1564543893315927040,-0.03448,-0.00671,0.04462,0.74567,-0.66455,-0.00345,-0.04845,-0.00078,-0.00538,-0.00941,
1564543893415976192,-0.03518,-0.00811,0.04454,0.75011,-0.65929,-0.00528,-0.05133,-0.00138,0.00127,0.00227,
1564543893516026368,-0.03520,-0.00733,0.04431,0.74746,-0.66236,-0.00615,-0.05042,-0.00506,-0.00244,-0.00582,
1564543893616076544,-0.03560,-0.00818,0.04426,0.75048,-0.65875,-0.00710,-0.05263,0.00080,0.01152,0.01203,
1564543893716126720,-0.03474,-0.00637,0.04439,0.74496,-0.66519,-0.00383,-0.05047,0.00425,0.00197,-0.00954,
1564543893816179968,-0.03529,-0.00760,0.04427,0.74886,-0.66060,-0.00550,-0.05276,-0.00493,-0.00593,0.00110,
1564543893916230144,-0.03536,-0.00701,0.04410,0.74671,-0.66306,-0.00644,-0.05224,-0.00425,0.00459,-0.00378,
1564543894016280064,-0.03575,-0.00770,0.04393,0.74912,-0.66021,-0.00789,-0.05365,-0.00606,0.00061,0.00626,
1564543894116330496,-0.03523,-0.00616,0.04402,0.74468,-0.66527,-0.00531,-0.05322,0.00814,0.01222,-0.00662,
1564543894216380672,-0.03560,-0.00704,0.04391,0.74713,-0.66246,-0.00705,-0.05386,-0.00660,-0.01663,-0.00173,
1564543894316429568,-0.03583,-0.00702,0.04379,0.74685,-0.66274,-0.00836,-0.05409,0.00193,0.01210,0.00106,
1564543894416480000,-0.03617,-0.00748,0.04358,0.74826,-0.66109,-0.00986,-0.05451,-0.01121,-0.00852,0.00059,
1564543894516529920,-0.03587,-0.00645,0.04375,0.74562,-0.66398,-0.00728,-0.05583,0.01779,0.02457,0.00228,
1564543894616580096,-0.03578,-0.00645,0.04369,0.74512,-0.66466,-0.00808,-0.05431,-0.00866,-0.02535,-0.00496,
1564543894716629248,-0.03588,-0.00696,0.04380,0.74653,-0.66309,-0.00878,-0.05406,0.00726,0.01420,0.00640,
1564543894816673024,-0.03586,-0.00728,0.04380,0.74714,-0.66254,-0.00948,-0.05232,-0.00964,-0.01635,-0.00275,
1564543894916722944,-0.03545,-0.00699,0.04419,0.74688,-0.66280,-0.00616,-0.05312,0.02018,0.03109,0.00903,
1564543895016773120,-0.03539,-0.00635,0.04402,0.74407,-0.66611,-0.00732,-0.05095,-0.01012,-0.02742,-0.00637,
1564543895116823296,-0.03532,-0.00727,0.04424,0.74736,-0.66241,-0.00686,-0.05108,0.00518,0.01524,0.00569,
1564543895216872192,-0.03544,-0.00728,0.04410,0.74688,-0.66303,-0.00824,-0.04987,-0.01201,-0.01542,-0.00688,
1564543895316922624,-0.03537,-0.00703,0.04431,0.74703,-0.66271,-0.00643,-0.05216,0.02192,0.03660,0.01175,
1564543895416972544,-0.03497,-0.00584,0.04416,0.74295,-0.66749,-0.00674,-0.04940,-0.01184,-0.02708,-0.00978,
1564543895517022720,-0.03521,-0.00693,0.04431,0.74626,-0.66370,-0.00699,-0.05049,-0.00007,0.01514,0.00316,
1564543895617071872,-0.03525,-0.00647,0.04406,0.74468,-0.66554,-0.00840,-0.04930,-0.00500,-0.01611,-0.00751,
1564543895717121792,-0.03541,-0.00715,0.04427,0.74732,-0.66244,-0.00764,-0.05133,0.01397,0.03037,0.01606,
1564543895817180928,-0.03468,-0.00552,0.04428,0.74188,-0.66878,-0.00586,-0.04820,-0.00780,-0.02355,-0.01101,
1564543895917231104,-0.03511,-0.00740,0.04446,0.74759,-0.66226,-0.00667,-0.04984,0.00220,0.00970,0.00671,
1564543896017281280,-0.03501,-0.00655,0.04426,0.74469,-0.66563,-0.00749,-0.04809,-0.00546,-0.00967,-0.00885,
1564543896117330432,-0.03550,-0.00756,0.04427,0.74821,-0.66146,-0.00835,-0.05088,0.00576,0.02426,0.01472,
1564543896217380864,-0.03472,-0.00522,0.04424,0.74101,-0.66973,-0.00610,-0.04824,-0.00818,-0.00658,-0.01346,
1564543896317431040,-0.03536,-0.00668,0.04421,0.74541,-0.66462,-0.00787,-0.05072,-0.00151,0.00014,0.00257,
1564543896417481216,-0.03542,-0.00607,0.04400,0.74324,-0.66711,-0.00914,-0.04980,0.00008,-0.00468,-0.00359,
1564543896517530368,-0.03569,-0.00725,0.04404,0.74709,-0.66270,-0.00969,-0.05093,-0.00984,0.00917,0.00677,
1564543896617580544,-0.03518,-0.00515,0.04408,0.74103,-0.66956,-0.00742,-0.05017,0.01281,0.01310,-0.00372,
1564543896717630976,-0.03549,-0.00623,0.04402,0.74399,-0.66621,-0.00889,-0.05069,-0.00983,-0.01452,-0.00235,
1564543896817679360,-0.03556,-0.00590,0.04393,0.74269,-0.66767,-0.00968,-0.05037,0.00311,0.00953,0.00105,
1564543896917729536,-0.03580,-0.00659,0.04379,0.74493,-0.66513,-0.01088,-0.05061,-0.01329,-0.00976,-0.00209,
1564543897017779200,-0.03558,-0.00556,0.04392,0.74271,-0.66748,-0.00829,-0.05273,0.02017,0.03187,0.00473,
1564543897117829120,-0.03550,-0.00547,0.04375,0.74193,-0.66844,-0.00912,-0.05136,-0.01196,-0.03161,-0.00829,
1564543897217879296,-0.03586,-0.00620,0.04373,0.74400,-0.66601,-0.01023,-0.05283,0.00053,0.01904,0.00289,
1564543897317929728,-0.03613,-0.00593,0.04336,0.74306,-0.66703,-0.01198,-0.05290,-0.01197,-0.01291,-0.00665,
1564543897417978880,-0.03613,-0.00573,0.04352,0.74321,-0.66670,-0.01045,-0.05518,0.01833,0.02988,0.00901,
1564543897518029056,-0.03597,-0.00508,0.04331,0.74067,-0.66964,-0.01117,-0.05357,-0.01078,-0.02479,-0.00780,
1564543897618079488,-0.03628,-0.00593,0.04334,0.74319,-0.66675,-0.01194,-0.05455,0.00271,0.01442,0.00233,
1564543897718129408,-0.03647,-0.00583,0.04302,0.74252,-0.66751,-0.01454,-0.05368,-0.00408,-0.01571,-0.00527,
1564543897818157312,-0.03641,-0.00600,0.04326,0.74415,-0.66558,-0.01252,-0.05557,0.01348,0.03302,0.01206,
1564543897918206976,-0.03579,-0.00428,0.04317,0.73853,-0.67209,-0.01158,-0.05233,-0.00878,-0.02660,-0.01129,
1564543898018257152,-0.03599,-0.00602,0.04350,0.74370,-0.66626,-0.01145,-0.05355,0.00712,0.01470,0.00877,
1564543898118307072,-0.03586,-0.00517,0.04336,0.74086,-0.66956,-0.01206,-0.05172,-0.00519,-0.01453,-0.00907,
1564543898218356736,-0.03616,-0.00653,0.04355,0.74527,-0.66454,-0.01230,-0.05306,0.00884,0.01969,0.01682,
1564543898318406144,-0.03529,-0.00438,0.04365,0.73893,-0.67185,-0.00957,-0.05007,-0.00380,-0.00625,-0.01236,
1564543898418456064,-0.03577,-0.00589,0.04372,0.74323,-0.66695,-0.01090,-0.05163,0.00261,-0.00335,0.00458,
1564543898518505984,-0.03571,-0.00534,0.04361,0.74135,-0.66911,-0.01145,-0.05056,-0.00102,0.00112,-0.00290,
1564543898618555904,-0.03602,-0.00624,0.04358,0.74417,-0.66589,-0.01248,-0.05139,-0.00887,0.00331,0.00649,
1564543898718605056,-0.03547,-0.00436,0.04368,0.73934,-0.67130,-0.00956,-0.05137,0.00914,0.01678,-0.00584,
1564543898818649344,-0.03620,-0.00603,0.04361,0.74490,-0.66483,-0.01194,-0.05461,-0.01077,-0.03588,-0.00187,
1564543898918699264,-0.03619,-0.00606,0.04374,0.74360,-0.66649,-0.01371,-0.05160,0.01136,0.02673,0.00825,
1564543899018749184,-0.03644,-0.00561,0.04336,0.74091,-0.66973,-0.01808,-0.04666,-0.01731,-0.00498,-0.00968,
1564543899118798848,-0.03625,-0.00574,0.04375,0.74278,-0.66754,-0.01455,-0.04954,0.02274,0.01005,0.00928,
1564543899218848000,-0.03533,-0.00670,0.04408,0.74633,-0.66376,-0.01140,-0.04769,-0.01267,-0.03750,-0.00367,
1564543899318897664,-0.03569,-0.00820,0.04435,0.75106,-0.65823,-0.01115,-0.05019,0.00608,0.01799,0.00852,
1564543899418947584,-0.03567,-0.00760,0.04407,0.74916,-0.66046,-0.01301,-0.04887,-0.00752,-0.01505,-0.00854,
1564543899518997504,-0.03576,-0.00777,0.04427,0.75051,-0.65877,-0.01113,-0.05129,0.01785,0.03160,0.01198,
1564543899619046400,-0.03520,-0.00668,0.04422,0.74667,-0.66335,-0.00991,-0.04853,-0.01353,-0.03106,-0.01324,
1564543899719096064,-0.03564,-0.00839,0.04439,0.75236,-0.65667,-0.01067,-0.05120,0.00674,0.01347,0.00930,
1564543899819146752,-0.03564,-0.00756,0.04415,0.74918,-0.66041,-0.01177,-0.04951,-0.01112,-0.01032,-0.01105,
1564543899919196928,-0.03611,-0.00792,0.04407,0.75115,-0.65789,-0.01289,-0.05288,0.01585,0.03016,0.01657,
1564543900019246592,-0.03520,-0.00608,0.04413,0.74484,-0.66539,-0.01030,-0.04859,-0.01164,-0.02235,-0.01450,
1564543900119295232,-0.03578,-0.00747,0.04414,0.74920,-0.66025,-0.01189,-0.05123,0.00607,0.01556,0.00699,
1564543900219345408,-0.03581,-0.00649,0.04394,0.74592,-0.66404,-0.01226,-0.04999,-0.00396,-0.01151,-0.00942,
1564543900319395328,-0.03626,-0.00762,0.04391,0.74946,-0.65986,-0.01331,-0.05211,0.00026,0.01412,0.01143,
1564543900419444992,-0.03555,-0.00571,0.04395,0.74394,-0.66626,-0.01039,-0.05044,0.00164,-0.00013,-0.01017,
1564543900519494144,-0.03603,-0.00680,0.04386,0.74707,-0.66259,-0.01193,-0.05224,-0.00018,-0.00338,0.00134,
1564543900619544064,-0.03600,-0.00621,0.04374,0.74499,-0.66497,-0.01253,-0.05147,-0.00287,0.00156,-0.00454,
1564543900719593728,-0.03661,-0.00722,0.04353,0.74797,-0.66144,-0.01463,-0.05305,-0.00758,-0.00296,0.00479,
1564543900819647744,-0.03610,-0.00578,0.04363,0.74432,-0.66558,-0.01182,-0.05334,0.01105,0.02061,-0.00277,
1564543900919697408,-0.03647,-0.00615,0.04340,0.74493,-0.66483,-0.01388,-0.05378,-0.00857,-0.01991,-0.00301,
1564543901019746304,-0.03655,-0.00631,0.04341,0.74518,-0.66455,-0.01431,-0.05358,-0.00008,0.01329,0.00172,
1564543901119796224,-0.03700,-0.00651,0.04313,0.74542,-0.66421,-0.01620,-0.05406,-0.00797,-0.01249,-0.00332,
1564543901219846144,-0.03666,-0.00593,0.04333,0.74451,-0.66520,-0.01387,-0.05499,0.01518,0.02810,0.00645,
1564543901319896320,-0.03636,-0.00505,0.04321,0.74160,-0.66857,-0.01374,-0.05338,-0.00786,-0.01612,-0.00664,
1564543901419944960,-0.03639,-0.00555,0.04335,0.74324,-0.66674,-0.01379,-0.05358,0.00866,0.00827,0.00498,
1564543901519994624,-0.03640,-0.00560,0.04328,0.74309,-0.66699,-0.01458,-0.05229,-0.00781,-0.01339,-0.00486,
1564543901620045056,-0.03637,-0.00576,0.04352,0.74453,-0.66526,-0.01295,-0.05418,0.01457,0.03041,0.01195,
1564543901720094720,-0.03599,-0.00418,0.04332,0.73904,-0.67155,-0.01263,-0.05172,-0.00940,-0.01282,-0.00954,
1564543901820152320,-0.03617,-0.00501,0.04343,0.74162,-0.66863,-0.01284,-0.05262,0.00061,0.00626,0.00245,
1564543901920201984,-0.03621,-0.00478,0.04332,0.74070,-0.66969,-0.01355,-0.05182,-0.00288,-0.00810,-0.00460,
1564543902020252160,-0.03659,-0.00519,0.04330,0.74247,-0.66752,-0.01436,-0.05424,0.00889,0.02186,0.01107,
1564543902120302080,-0.03584,-0.00393,0.04337,0.73830,-0.67243,-0.01214,-0.05109,-0.00714,-0.01875,-0.01010,
1564543902220352000,-0.03637,-0.00494,0.04336,0.74142,-0.66876,-0.01352,-0.05351,0.00336,0.01594,0.00477,
1564543902320401152,-0.03628,-0.00420,0.04317,0.73891,-0.67162,-0.01387,-0.05231,-0.00528,-0.01440,-0.00822,
1564543902420450816,-0.03661,-0.00529,0.04327,0.74251,-0.66752,-0.01473,-0.05372,0.00395,0.01409,0.01196,
1564543902520500992,-0.03580,-0.00382,0.04341,0.73814,-0.67260,-0.01188,-0.05119,-0.00178,-0.01099,-0.00998,
1564543902620551168,-0.03633,-0.00532,0.04345,0.74264,-0.66744,-0.01329,-0.05320,0.00053,0.00207,0.00494,
1564543902720599808,-0.03633,-0.00468,0.04330,0.74038,-0.67002,-0.01391,-0.05220,-0.00211,-0.00277,-0.00458,
1564543902820648960,-0.03671,-0.00564,0.04327,0.74333,-0.66664,-0.01553,-0.05304,-0.00520,0.00257,0.00663,
1564543902920698880,-0.03601,-0.00419,0.04340,0.73931,-0.67124,-0.01230,-0.05199,0.00860,0.01117,-0.00340,
1564543903020749056,-0.03639,-0.00492,0.04333,0.74132,-0.66890,-0.01376,-0.05307,-0.00382,-0.01194,-0.00067,
1564543903120798720,-0.03634,-0.00481,0.04333,0.74069,-0.66968,-0.01409,-0.05201,-0.00185,0.00402,-0.00047,
1564543903220847872,-0.03655,-0.00533,0.04328,0.74228,-0.66788,-0.01522,-0.05208,-0.00444,-0.00427,0.00264,
1564543903320897792,-0.03603,-0.00463,0.04348,0.74060,-0.66986,-0.01262,-0.05149,0.01209,0.01284,0.00240,
1564543903420947712,-0.03615,-0.00509,0.04346,0.74195,-0.66833,-0.01304,-0.05172,-0.00359,-0.01353,-0.00128,
1564543903520997888,-0.03581,-0.00540,0.04368,0.74281,-0.66750,-0.01171,-0.05037,-0.00469,0.00680,-0.00272,
1564543903621046784,-0.03659,-0.00525,0.04326,0.74266,-0.66741,-0.01479,-0.05303,-0.00125,-0.00096,-0.00028,
1564543903721096704,-0.03647,-0.00503,0.04332,0.74221,-0.66787,-0.01381,-0.05375,0.01231,0.01396,0.00668,
1564543903821151232,-0.03623,-0.00459,0.04327,0.74043,-0.66995,-0.01327,-0.05250,-0.01584,-0.01367,-0.00909,
1564543903921201408,-0.03654,-0.00486,0.04320,0.74128,-0.66885,-0.01410,-0.05418,0.00459,0.01421,0.00184,
1564543904021251328,-0.03678,-0.00475,0.04292,0.74056,-0.66964,-0.01587,-0.05389,-0.00840,-0.01841,-0.00848,
1564543904121300480,-0.03718,-0.00589,0.04302,0.74455,-0.66503,-0.01658,-0.05579,0.00586,0.02325,0.01452,
1564543904221350656,-0.03668,-0.00406,0.04291,0.73858,-0.67183,-0.01516,-0.05394,-0.00353,-0.01633,-0.01017,
1564543904321400576,-0.03689,-0.00559,0.04303,0.74332,-0.66649,-0.01572,-0.05492,0.00419,0.00606,0.00410,
1564543904421450496,-0.03717,-0.00473,0.04281,0.74025,-0.66985,-0.01774,-0.05483,-0.00835,-0.00620,-0.00705,
1564543904521499648,-0.03763,-0.00604,0.04268,0.74436,-0.66513,-0.01855,-0.05653,0.00371,0.01487,0.01481,
1564543904621549824,-0.03681,-0.00368,0.04279,0.73767,-0.67269,-0.01478,-0.05580,0.00407,0.00931,-0.00938,
1564543904721599744,-0.03701,-0.00456,0.04282,0.74041,-0.66963,-0.01612,-0.05598,-0.00008,-0.01721,0.00146,
1564543904821660928,-0.03698,-0.00441,0.04289,0.73954,-0.67068,-0.01673,-0.05464,-0.00272,0.00672,-0.00113,
1564543904921711360,-0.03738,-0.00544,0.04279,0.74237,-0.66752,-0.01879,-0.05433,-0.00493,-0.01071,0.00508,
1564543905021760512,-0.03661,-0.00414,0.04317,0.73956,-0.67069,-0.01439,-0.05497,0.01710,0.03534,0.00312,
1564543905121810688,-0.03677,-0.00428,0.04299,0.73925,-0.67109,-0.01615,-0.05370,-0.00746,-0.03677,-0.00508,
1564543905221860864,-0.03678,-0.00515,0.04324,0.74175,-0.66837,-0.01608,-0.05322,-0.00050,0.02173,0.00385,
1564543905321910784,-0.03707,-0.00508,0.04299,0.74129,-0.66886,-0.01803,-0.05283,-0.01137,-0.01826,-0.00683,
1564543905421960192,-0.03709,-0.00472,0.04309,0.74130,-0.66864,-0.01667,-0.05575,0.01914,0.04050,0.01074,
1564543905522010368,-0.03676,-0.00381,0.04292,0.73763,-0.67292,-0.01659,-0.05300,-0.01118,-0.03802,-0.00957,
1564543905622060544,-0.03699,-0.00527,0.04318,0.74211,-0.66788,-0.01679,-0.05415,0.00450,0.02237,0.00561,
1564543905722110464,-0.03721,-0.00455,0.04287,0.73937,-0.67092,-0.01875,-0.05328,-0.00775,-0.01971,-0.00898,
1564543905822168320,-0.03748,-0.00524,0.04299,0.74235,-0.66741,-0.01858,-0.05601,0.00824,0.03184,0.01449,
1564543905922218752,-0.03691,-0.00381,0.04293,0.73821,-0.67213,-0.01673,-0.05486,-0.00096,-0.02717,-0.01023,
1564543906022268928,-0.03690,-0.00670,0.04346,0.74801,-0.66114,-0.01566,-0.05586,-0.00407,-0.00972,0.00504,
1564543906122319104,-0.03717,-0.00619,0.04334,0.74625,-0.66309,-0.01715,-0.05586,-0.00383,0.00613,-0.00385,
1564543906222369792,-0.03770,-0.00738,0.04328,0.75069,-0.65778,-0.01776,-0.05889,-0.00609,-0.01188,0.00771,
1564543906322418944,-0.03683,-0.00758,0.04385,0.75297,-0.65521,-0.01259,-0.05983,0.02471,-0.00201,0.00743,
1564543906422469120,-0.03596,-0.00960,0.04448,0.75957,-0.64774,-0.00739,-0.05860,-0.00698,-0.02994,-0.00201,
1564543906522519552,-0.03683,-0.01383,0.04448,0.77781,-0.62407,-0.00061,-0.07447,-0.02054,-0.05808,-0.01442,
1564543906622569728,-0.03900,-0.02129,0.04359,0.80692,-0.57865,0.02379,-0.11606,-0.02263,-0.05821,-0.00023,
1564543906722619136,-0.04177,-0.02318,0.04259,0.81389,-0.56412,0.02408,-0.13699,-0.01905,0.02038,-0.01050,
1564543906822656000,-0.04462,-0.02198,0.04103,0.81427,-0.55441,0.03051,-0.16927,-0.03899,-0.02671,-0.02793,
1564543906922706176,-0.04688,-0.02396,0.03984,0.82030,-0.54111,0.02823,-0.18306,0.01311,-0.02148,0.01803,
1564543907022756096,-0.04405,-0.02516,0.04116,0.82037,-0.54770,0.03123,-0.16140,0.00881,-0.04714,-0.01056,
1564543907122806272,-0.04675,-0.03241,0.03820,0.83713,-0.52427,0.01575,-0.15525,-0.04776,-0.08553,-0.03660,
1564543907222855680,-0.05191,-0.03814,0.03453,0.84984,-0.50092,-0.01840,-0.16280,-0.05554,-0.05145,-0.03447,
1564543907322905600,-0.05400,-0.03998,0.03337,0.85800,-0.48560,-0.02405,-0.16568,-0.00384,0.01875,0.01431,
1564543907422955520,-0.05369,-0.03767,0.03446,0.85204,-0.49649,-0.01987,-0.16471,-0.00174,-0.00144,-0.00121,
1564543907523005440,-0.05336,-0.03963,0.03397,0.85633,-0.48884,-0.01520,-0.16583,-0.00373,-0.02532,-0.00447,
1564543907623055104,-0.05382,-0.04058,0.03384,0.85827,-0.48540,-0.01920,-0.16552,-0.01347,-0.05656,-0.02275,
1564543907723105024,-0.05719,-0.05571,0.02559,0.87892,-0.44716,-0.04546,-0.15962,-0.07360,-0.23934,-0.16615,
1564543907823138816,-0.06263,-0.08054,0.00394,0.91528,-0.35529,-0.09043,-0.16686,-0.03333,-0.23611,-0.21768,
1564543907923188480,-0.06422,-0.09832,-0.01223,0.93682,-0.29138,-0.07906,-0.17670,-0.03089,-0.17936,-0.12864,
1564543908023238400,-0.06860,-0.11897,-0.03328,0.95484,-0.21859,-0.05156,-0.19454,-0.08246,-0.23253,-0.26804,
1564543908123287552,-0.07574,-0.14439,-0.06020,0.96685,-0.13323,-0.02583,-0.21630,-0.06481,-0.27304,-0.20231,
1564543908223337472,-0.07915,-0.17000,-0.07629,0.97322,-0.09517,-0.01746,-0.20850,-0.06603,-0.22868,-0.20105,
1564543908323387136,-0.08727,-0.18982,-0.10390,0.97374,-0.04907,-0.03546,-0.21948,-0.12420,-0.18532,-0.34974,
1564543908423437056,-0.10270,-0.20573,-0.13329,0.96882,-0.02895,-0.07039,-0.23577,-0.09983,-0.19394,-0.30249,
1564543908523486208,-0.10398,-0.22790,-0.17496,0.96660,-0.00511,-0.11385,-0.22954,-0.03921,-0.24581,-0.49374,
1564543908623536128,-0.11028,-0.25172,-0.22430,0.97255,0.07113,-0.09117,-0.20194,-0.03677,-0.31346,-0.48269,
1564543908723585792,-0.10852,-0.29170,-0.26855,0.97678,0.10139,-0.05549,-0.18040,-0.09636,-0.32551,-0.48713,
1564543908823643136,-0.11344,-0.32377,-0.32345,0.97745,0.10422,-0.05067,-0.17651,-0.10578,-0.35455,-0.55110,
1564543908923693312,-0.13316,-0.35036,-0.38881,0.97713,0.11280,-0.05203,-0.17256,-0.13937,-0.38280,-0.65142,
1564543909023742464,-0.14578,-0.38828,-0.46042,0.97497,0.12270,-0.05584,-0.17682,-0.12358,-0.40473,-0.73159,
1564543909123792384,-0.15402,-0.43337,-0.53899,0.97213,0.12473,-0.05983,-0.18930,-0.11454,-0.44692,-0.81824,
1564543909223842560,-0.17583,-0.47334,-0.62899,0.97526,0.11377,-0.05789,-0.18048,-0.18622,-0.47622,-0.92692,
1564543909323892480,-0.18021,-0.51831,-0.73117,0.97701,0.09812,-0.04966,-0.18266,-0.16300,-0.50635,-1.00713,
1564543909423941632,-0.18920,-0.56775,-0.84078,0.97840,0.08219,-0.04656,-0.18387,-0.16242,-0.54267,-1.09588,
1564543909523991552,-0.19554,-0.61535,-0.96266,0.97981,0.06047,-0.04301,-0.18567,-0.16084,-0.57036,-1.18670,
1564543909624041728,-0.20645,-0.68171,-1.08200,0.98132,0.02237,-0.03432,-0.18797,-0.16406,-0.62373,-1.25377,
1564543909724091648,-0.20997,-0.74895,-1.20790,0.98173,0.02042,-0.03394,-0.18613,-0.16803,-0.65527,-1.32484,
1564543909824155904,-0.21746,-0.82685,-1.33904,0.98689,0.00679,-0.02568,-0.15921,-0.16084,-0.72067,-1.38846,
1564543909924205824,-0.24901,-0.91042,-1.47212,0.98686,0.00803,-0.02557,-0.15937,-0.18215,-0.77664,-1.44629,
1564543910024256000,-0.26856,-0.98724,-1.62490,0.98684,0.00851,-0.02579,-0.15939,-0.19320,-0.82154,-1.51980,
1564543910124306432,-0.30766,-1.07681,-1.77552,0.98684,0.00870,-0.02602,-0.15938,-0.22074,-0.87339,-1.58290,
1564543910224356352,-0.33200,-1.16396,-1.94030,0.98684,0.00867,-0.02602,-0.15938,-0.23180,-0.91616,-1.65376,
1564543910324405760,-0.35903,-1.25501,-2.11432,0.98684,0.00864,-0.02602,-0.15935,-0.24534,-0.96060,-1.72709,
1564543910424456192,-0.38612,-1.34950,-2.29651,0.98684,0.00857,-0.02601,-0.15935,-0.25763,-1.00422,-1.80089,
1564543910524506112,-0.41377,-1.44756,-2.48820,0.98684,0.00855,-0.02608,-0.15934,-0.26940,-1.04771,-1.87630,
